RxnIndex,RxnID,meanFlux,stdFlux
Rxn1,10FTHFtx,1.94840969363027e-08,8.46709400104287e-09
Rxn3,1ACPCth,0.00485157803426443,0.00203842519769634
Rxn5,1ACPCtm,0.00495108750774905,0.00206860573086936
Rxn20,23DHMBth,0.0015265086674164,0.000884005085972681
Rxn22,23DHMBtm,0.00131563985989109,0.000792149595621779
Rxn24,23DHMPth,0.00066347064629818,0.000574462807851245
Rxn28,2DHPtm,4.68928977077285e-09,1.86652880713653e-09
Rxn30,2DHPtn,1.89231764770361e-12,1.0530376719004e-12
Rxn38,2PGLYCth,1.71093411807609e-05,0.000306801245389957
Rxn40,2PGLYCtx,1.71093403416567e-05,0.000306801245383477
Rxn42,2PGth,4.54292984635275e-13,1.30817132353782e-13
Rxn44,2PGtm,6.29455536550655,0.434656829506006
Rxn48,34HPPt2m,0.323917986068442,0.654852592533431
Rxn50,3C3HMPth,0.00032098243354218,0.000399304524363043
Rxn74,3MOBth,0.00271991366376493,0.00084353127595889
Rxn76,3MOPtm,0.000287530986648054,0.00111892514672745
Rxn190,3PG_pi_thr,1.26232879268603,0.332659454240662
Rxn192,3PGtx,3.13900161538911e-13,2.38062029834584e-13
Rxn197,44MZYMOR,3.80673644012756e-09,6.61223420543675e-09
Rxn199,4ABUTth,415.650806151849,161.777211142949
Rxn202,4ABUTtm,195.965118334608,133.537092064258
Rxn205,4HPROtg,4.00764146376322e-13,3.37305380477691e-13
Rxn207,4MOPtm,1.93118058047281e-09,1.61224540579252e-09
Rxn211,4MZYMR,3.80795295997897e-09,6.61201104493126e-09
Rxn213,5FLURAt,5.58491896330144e-13,3.70623243810786e-13
Rxn215,5FTHFt,9.91028199865122e-13,2.32444733711507e-13
Rxn217,5FTHFtm,2.52235753803606e-12,5.70237793297927e-13
Rxn219,5MTAth,1.2829020695945e-12,6.17626045303605e-13
Rxn221,5MTAtm,1.67473746277578e-09,1.8019814521878e-09
Rxn223,6MPURt,7.57133621179622e-10,4.17948143284371e-10
Rxn225,6PGLthr,0.00379293698417824,0.0105811402220047
Rxn265,ABAT,0.000242189474351258,0.00133309081354332
Rxn275,ACACT1,0.000178253198251848,0.00145546218133636
Rxn297,ACACtm,9.00132228564035e-05,0.000636103788790194
Rxn299,ACACtx,8.81859001656414e-06,0.000245980426275573
Rxn303,ACALDtx,2.16042993105308,0.736937959829988
Rxn305,ACAROtu,6.46655682981134e-05,3.40671768767656e-12
Rxn308,ACCAHh,0.00485157803501153,0.00203842519772268
Rxn310,ACCAHm,0.00495108750666647,0.00206860573087115
Rxn334,ACCOAth,2.03578466870576,0.635302449624209
Rxn336,ACCOAtm,3.97918922366633,1.12430386524937
Rxn338,ACCOAts,4.48932771086294e-09,2.16121586509297e-09
Rxn340,ACCOAtx,0.00403438541578131,0.0191041735721257
Rxn623,ACONT,0.0250621434025338,0.0761397468089503
Rxn627,ACONTx,7.78267888264509e-13,2.1288945813966e-13
Rxn647,ACPS1,2.3180826516504e-13,7.71200217520509e-14
Rxn649,ACPS1h,3.17082031632281e-13,1.61608234425785e-13
Rxn651,ACPS1m,9.49053528438097e-13,4.55682798715619e-13
Rxn683,ACt,7.39417635605766e-05,0.000806780073338528
Rxn685,ACth,1.96425650795338,0.636249271127267
Rxn687,ACtm,1.89419811605271,0.643120200370051
Rxn689,ACts,4.49743267410893e-09,2.16106175309588e-09
Rxn701,ADEt,1.2456158140473e-05,0.000173061895149087
Rxn706,ADNtm,7.35384666101797e-06,2.34718252482232e-08
Rxn719,ADtr,3.461306119655e-09,2.35943637018723e-09
Rxn765,AHCYStg,7.48333424798803e-13,4.97523462156267e-13
Rxn767,AHCYStn,5.15691115613319e-13,3.46200174016987e-13
Rxn773,AIRth,2.09309130504325e-12,1.26412088332801e-12
Rxn775,AKGCITtm,745.004990732284,188.560420002525
Rxn782,AKGICITtm,779.039222793056,166.573596360898
Rxn784,AKGMALth,609.445989095302,251.973115197656
Rxn786,AKG_na_th,609.482340353994,251.980433578797
Rxn788,AKG_na_tm,194.502348726674,148.342576966092
Rxn794,ALABth,2.80263689520536e-12,5.63867163201888e-13
Rxn796,ALABtm,3.03806953356373e-08,1.85140111952727e-08
Rxn798,ALANA1tm,937.432197780585,88.3785475585428
Rxn800,ALANA1tx,4.32072438682499,1.4739119615366
Rxn805,ALAtm,937.433184581368,88.37852498205
Rxn807,ALAtx,4.32072438682426,1.4739119615365
Rxn809,ALCD19,1.73655689607299,7.73756330584403
Rxn811,ALCD19y,1.73621327191003,7.73761800296024
Rxn820,ALLTNt,3.26297354538818e-05,0.000492950935064004
Rxn822,ALLTNtm,3.2629737637895e-05,0.00049295093506997
Rxn824,ALLTTt,2.11873465893171e-08,1.56907103250586e-08
Rxn826,ALLTTtm,2.1189012715085e-08,1.569067628594e-08
Rxn832,AMAOTr,6.7501016941219e-08,4.3517681535379e-13
Rxn834,AMETAMth,3.5955951378259e-12,7.4171707973854e-13
Rxn836,AMETAMtm,1.67468028420445e-09,1.80108112481677e-09
Rxn838,AMETt2h,0.000898821719041663,1.74675006322087e-08
Rxn840,AMETt2m,0.00218467440066835,0.000187908067146636
Rxn842,AMETtg,1.54274378629372e-12,4.14136841912385e-13
Rxn844,AMETth,2.78991350494492e-06,4.08270176443827e-05
Rxn846,AMETtn,4.82914595673548e-13,2.76577677825463e-13
Rxn853,AMPth,2.61951345072508e-11,1.54695309201098e-11
Rxn855,AMPtn,1.18773456158104e-11,8.05518186962483e-13
Rxn860,ANNAT,0.00035074891881605,0.00720620518291378
Rxn861,ANNATn,4.08353708344086e-13,2.95254332942932e-13
Rxn863,ANNA,0.000262551034829184,0.00124545207246746
Rxn866,ANNAn,1.02245102039439e-12,4.2955423408377e-13
Rxn869,ANXANASCOR,0.000857690554940459,0.0209372654081273
Rxn895,APPAT,9.07303443368654e-11,8.51004037675509e-12
Rxn914,APStn,2.61547222845022e-12,8.67755593279065e-13
Rxn921,ARGSL,0.00704085597478229,0.00353307363342481
Rxn927,ARG_Lt,1.50750983729921e-05,0.000195475798618465
Rxn929,ARG_Ltm,0.0060548542167604,0.00187480126189531
Rxn961,ASAPT,2.04769372154928e-12,3.91063445474683e-13
Rxn963,ASCBNA1t,5.7705690763656e-05,0.000649672005116353
Rxn969,ASCBOR4,0.174894155031404,0.27644479309104
Rxn971,ASCBth,4.99986969552056e-12,8.42096750145659e-13
Rxn973,ASCBtm,5.77056954838515e-05,0.000649672005122014
Rxn975,ASCBtu,4.60098506791699e-12,5.89759737448572e-13
Rxn977,ASNNA1tm,994.934453196493,32.4112012062768
Rxn982,ASNtm,994.934453196492,32.4112012062769
Rxn984,ASNtx,0.000435866809897015,0.00362631797530163
Rxn1009,ASPNA1th,563.465633602995,243.164055230315
Rxn1011,ASPNA1tm,741.580231642007,172.88158853956
Rxn1016,ASPSAth,0.000761689236323331,3.74058027963591e-11
Rxn1026,ASPth,563.594560089438,243.209534950697
Rxn1028,ASPtm,741.481784549858,172.864754555334
Rxn1030,ASPtx,0.000435866804835802,0.00362631797527421
Rxn1040,ATAH,1.10418604344646e-08,6.25165364799602e-09
Rxn1128,BAOAT,3.04908306479336e-08,1.85139095726765e-08
Rxn1130,BCACT,0.000852699993826752,4.18506149943235e-11
Rxn1138,BCAROKT,4.96271262844374e-12,4.26650849239161e-13
Rxn1148,BCTA,0.00052013608285754,0.000959581886423335
Rxn1150,BCTA_glu,0.00354797252878989,0.000704731076293337
Rxn1152,BCTA_glu_h,3.20926002837578e-13,2.00353085768139e-13
Rxn1160,BCTAh,0.0009950952115716,0.00102470346009797
Rxn1172,BTNth,7.32869997453563e-13,4.62902317430309e-13
Rxn1174,BTNtm,6.750261367985e-08,4.91022638043437e-13
Rxn1179,CADMO,3.80315634832522e-09,6.612700406916e-09
Rxn1181,CADS,3.80376805638859e-09,6.61262540712966e-09
Rxn1190,CAROtu,1.75094209382673e-08,2.73147731190704e-12
Rxn1214,CHLADMT,2.59341274450462e-12,3.47614044497119e-13
Rxn1216,CHLAE,3.99120080457907e-13,2.43437872645711e-13
Rxn1218,CHLAtu,8.01312595225728e-13,4.09953535515767e-13
Rxn1222,CHLDADMT,2.26488394271006e-11,5.48892021379506e-13
Rxn1224,CHLDAO,0.00055849635762366,2.76774215121082e-11
Rxn1226,CHLDBtu,0.000558496356366441,2.75773262847999e-11
Rxn1231,CITALt,1.32653182786401e-12,8.06411884917893e-13
Rxn1233,CITICITtm,607.869502180475,250.482078748623
Rxn1235,CITRLtm,0.00587101936425535,0.000742400305578704
Rxn1237,CITx,2.99629202021877e-05,0.000550323406255007
Rxn1242,CMPth,0.00526020302055263,1.95865124115785e-07
Rxn1246,CMTEPtm,7.48885512885883e-06,2.34710822926477e-08
Rxn1248,CO2t,1.95087706613775,0.605329902389554
Rxn1251,CO2tm,18.9158085877113,36.5141320339748
Rxn1253,CO2tx,5.68713630129736e-13,2.5612538279044e-13
Rxn1256,COA_h_tx,0.000178253225172406,0.00145546218131482
Rxn1258,COAth,0.00209276962628326,0.00125480878314978
Rxn1260,COAtm,0.0041749286720989,0.00232315022054283
Rxn1262,COAts,6.73114950086002e-09,5.24332159803194e-09
Rxn1264,COORr,0.982651882161534,0.604856177530533
Rxn1266,COt,0.982676249043792,0.604854291956745
Rxn1268,COth,1.68780308055285e-05,9.92761896923497e-05
Rxn1270,CPP1O,1.33301566571855e-13,1.00581676409883e-13
Rxn1272,CPP3O,7.18655635709273e-13,1.49914969321225e-13
Rxn1277,CRETINOLOR1,613.848429513165,253.145395160487
Rxn1279,CRETINOLOR2,613.848429508816,253.145395157668
Rxn1286,CTPth,0.00526020296904772,1.95865107016301e-07
Rxn1288,CYARTMT,8.04681908784164e-12,7.21317175650947e-13
Rxn1292,CYEUOLS,8.44746197649992e-12,6.91054303775458e-13
Rxn1334,CYSth,0.00155966498445965,0.00808066252042376
Rxn1336,CYStm,0.00145838407295861,0.00808064169217527
Rxn1342,CY_focytb5_c,0.0104387685863097,0.00102707431902278
Rxn1344,CY_focytc_h,0.000239321427424894,0.00213614960967312
Rxn1347,DAD5th,2.78991017991833e-06,4.08270176511258e-05
Rxn1349,DAD5tm,6.74993270505105e-08,3.68975890834275e-13
Rxn1488,DAMPH,0.000506032216801051,0.0171704344501568
Rxn1512,DATPtm,0.00227113785327713,0.0174657542690252
Rxn1518,DBRC,1.48071341698385e-12,7.74167491375426e-13
Rxn1530,DCTPtm,0.00117558444256711,0.0117733165869785
Rxn1537,DDSMSTOLD,6.42428956731215e-09,6.61236483673476e-09
Rxn1673,DGTPtm,0.00228156950362601,0.0166170816990269
Rxn1727,DHAP_pi_thr,0.00224071002228043,0.000522780944632053
Rxn1729,DHAPtm,0.000121282213237129,0.000338439177272631
Rxn1740,DHORStm,0.00320704549785316,0.00120310589126084
Rxn1743,DHPD,3.03776186050206e-08,1.85137645248993e-08
Rxn1749,DHRO,0.00320704550039432,0.00120310589121646
Rxn1759,DICtm,0.0114667281737221,0.00428211568400232
Rxn1765,DMPH,0.000499139526873878,0.0168584419709986
Rxn1767,DMPPth,4.5399844152524e-05,8.7076306847155e-05
Rxn1813,DSMSTOLD,1.05686262318712e-11,5.20827827501468e-13
Rxn1823,DTTPtm,0.00495199773118374,0.038087663081152
Rxn1856,D_LACtm,3.37316692491081e-05,0.000759617715171168
Rxn1892,ECH_3hivcoa,1.15038732725681e-13,8.69170995059359e-14
Rxn1895,ECOAH1,0.000178253205897114,0.00145546218130827
Rxn1897,ECOAH2,0.000615188852468598,0.00291195843762392
Rxn1899,ECOAH2m,0.0126963648952471,0.00297018507598371
Rxn1901,ECOAH3,0.000615188851396167,0.00291195843762148
Rxn1903,ECOAH3m,0.0126963649081312,0.00297018507600617
Rxn1905,ECOAH4,0.000615188850601573,0.0029119584376485
Rxn1907,ECOAH4m,0.0126963649003959,0.00297018507604017
Rxn1909,ECOAH5,0.000615188850291935,0.00291195843764957
Rxn1911,ECOAH5m,0.0126963648911597,0.00297018507606163
Rxn1913,ECOAH6,0.00061518885733539,0.0029119584376374
Rxn1915,ECOAH6m,0.0126963649043944,0.00297018507605542
Rxn1917,ECOAH7,0.000615188861134,0.00291195843765186
Rxn1919,ECOAH7m,0.0126963648990228,0.00297018507606224
Rxn1937,ETOHth,0.0029953550610779,0.00637917774846206
Rxn1940,ETOHtm,2.05021805323189,0.606925931484587
Rxn1942,ETOHtx,2.16042993105077,0.736937959830214
Rxn1952,FA160h,0.00511803471730021,0.000688457323940915
Rxn1954,FA1619Zh,9.32851554317485e-13,3.94935060659951e-13
Rxn1961,FA180h,0.000136260229671805,0.000140343325566467
Rxn1963,FA18111Zh,0.00183115788051421,4.54721242016436e-05
Rxn1967,FA1819Zh,0.00161360438510545,0.000475008120050003
Rxn1972,FA40COAtm,0.0126963649043597,0.00297018507600939
Rxn1985,FADH2th,0.804442779398769,0.566943883063567
Rxn1987,FADH2tm,0.187910207185336,0.327156803344767
Rxn1989,FADH2tx,0.00386938632256425,0.018237052898213
Rxn1991,FADth,0.80444277940147,0.566943883063633
Rxn1993,FADtm,0.187910207182563,0.327156803345005
Rxn1995,FADtx,0.00386938632342665,0.0182370528982318
Rxn2008,FDPtf,3.48484027677551e-12,4.58763084047264e-13
Rxn2017,FPGFT,0.00313911210577858,0.00113238904306875
Rxn2033,FRDPth,2.0847984006065e-05,4.81931078295408e-05
Rxn2035,FRDPtm,1.27759215415399e-11,7.21700844933656e-13
Rxn2050,G1P_pi_th,0.0336644043371712,0.126801234343367
Rxn2077,G3P_pi_thr,1.04439266333326,0.332217059126899
Rxn2081,G6PA_pi_th,2.2503757741346,5.20394120172225
Rxn2084,G6PB_pi_th,2.24734434920657,5.20524109387006
Rxn2086,G6PDA,0.00106686356199358,0.0166461906409066
Rxn2117,GALth,0.0118203036063015,0.000649672001847304
Rxn2135,GCAROtu,9.19108309381865e-05,6.21465901256033e-12
Rxn2158,GGDPtu,0.000119004245458653,9.72095831865936e-05
Rxn2179,GLNt,3.59604945917157e-05,0.000371229951461332
Rxn2181,GLNth,0.0181976043936395,0.0538165648987418
Rxn2194,GLUNA1tm,926.243668617519,97.9342113813427
Rxn2206,GLUtm,914.890752283689,107.494702636146
Rxn2208,GLXtx,0.0257131995569478,0.0759807706340342
Rxn2210,GLYALDOR,0.000414594580663286,0.000156087281753481
Rxn2212,GLYATx,2.63004334952812e-12,2.89692013493765e-13
Rxn2217,GLYCLTt,7.32720163452838e-06,0.000318566006621821
Rxn2219,GLYCLTth,0.000166659063593294,0.00130904650105673
Rxn2221,GLYCLTtm,0.000124602074555856,0.0010842906968988
Rxn2223,GLYCLTtx,0.0257281484114561,0.0759845864209579
Rxn2225,GLYCOR_nadp,1.26037994296417,7.90871208300305
Rxn2227,GLYCth,6.73969826071164e-12,5.01436708874371e-13
Rxn2232,GLYNA1th,895.629546682315,106.767683881063
Rxn2234,GLYNA1tm,877.346247949794,126.421315633371
Rxn2245,GLYth,895.628985417239,106.767662740875
Rxn2247,GLYtm,877.354265198438,126.421282708686
Rxn2249,GLYtx,4.00220175960807e-12,2.09295827543222e-12
Rxn2254,GMPtm,1.60140235718007e-12,4.37294763239685e-13
Rxn2256,GMPtn,6.71567629766368e-12,3.07789309061433e-13
Rxn2274,GRDPth,1.70935131740081e-05,5.77529670972207e-05
Rxn2276,GSC,0.0020549493033503,0.00114083241870249
Rxn2289,GTHOXtu,0.0599409956785809,0.210607721449044
Rxn2291,GTHPDSOR,0.00498395482056283,1.95862540688657e-07
Rxn2295,GTHRDth,2.2688703879519e-06,5.16333356650205e-06
Rxn2297,GTHRDtm,2.19884819869892e-12,1.24755665090327e-12
Rxn2299,GTHRDtu,0.119881991362292,0.421215442897887
Rxn2323,GTPth,7.52674969018325e-06,4.73607952844119e-12
Rxn2347,GUAt,1.69016159118232e-05,0.000222164863732903
Rxn2349,H2O2th,0.00457580403623536,0.000492394036385072
Rxn2351,H2O2tm,1.53689459986749,0.350686248408009
Rxn2353,H2O2tn,1.28432619123287e-12,5.07033308708883e-13
Rxn2355,H2O2tx,0.0257431624852877,0.0759841077723755
Rxn2357,H2Ot,2.83873923234246,0.736465520332087
Rxn2359,H2Otf,2.12218133518652e-12,4.74975293962893e-13
Rxn2362,H2Othu,8.52610667885861,0.6508249927266
Rxn2364,H2Otm,13.6726416764763,36.5843014442933
Rxn2366,H2Otn,4.75495627454059e-12,1.84088457318582e-12
Rxn2368,H2Ots,3.88375430840169e-08,7.0031181940267e-09
Rxn2370,H2Otx,0.00438226903506749,0.0186358205545394
Rxn2372,H2th,0.00281383435227232,0.00573147371846463
Rxn2375,H2tm,6.23010358361864e-05,0.000542145348375522
Rxn2435,HBCHLR,4.65847156848927e-13,1.21870379153062e-13
Rxn2446,HBCO_nadp,0.0132347223232872,0.00502800932088766
Rxn2448,HBCO_nadp_m,0.0012084531780786,0.0213900624286443
Rxn2452,HBNOm,0.000144831702769269,0.000810399275152191
Rxn2454,HBNOx,8.8185903652566e-06,0.000245980426282398
Rxn2478,HCYSth,0.000101625980799644,5.94643789498593e-12
Rxn2480,HCYStm,0.000213921704695383,0.000176951082350589
Rxn2483,HDCAts,4.19161510911549e-09,5.50048130134246e-09
Rxn2497,HGENTISth,2.02773145515876e-08,1.59745355539844e-08
Rxn2505,HISt,6.09308160868472e-06,0.000102582314871652
Rxn2507,HISth,4.76448437108292e-13,3.47504619276432e-13
Rxn2510,HMGCOAtm,6.14410149082241e-05,0.000608930294190794
Rxn2526,HOXPRm,7.46662404422025e-13,2.94463156365392e-13
Rxn2529,HPCOR,0.0063099433542718,0.0021241816264615
Rxn2553,HXANt,0.000110990511529538,0.000770164089547448
Rxn2592,Htg,2.21044342389403e-13,1.51697170400904e-13
Rxn2594,Hts,7.38282335515515e-08,6.66850541169825e-09
Rxn2600,ICDHhr,2.1202733864551e-05,0.000309158660871085
Rxn2624,ILEth,0.000995095210440068,0.00102470346010387
Rxn2626,ILEtm,2.71056386473064e-12,2.70240606310248e-13
Rxn2635,IMPth,5.13461103738415e-13,3.83889597520894e-13
Rxn2638,IPDPth,9.81417293907681e-05,0.000116890680959195
Rxn2666,LALDD2,7.85085503301447e-13,3.70665249945367e-13
Rxn2668,LCYA,8.16828609647436e-05,4.74447347612169e-12
Rxn2670,LCYB,9.1910829840036e-05,5.93126952412116e-12
Rxn2676,LCYG,9.19108361905687e-05,5.94063826060003e-12
Rxn2678,LDHm,0.0450249787203627,0.0807380078448402
Rxn2684,LEUt,9.49931721769214e-05,0.000704731071865742
Rxn2686,LEUth,1.17403387790825e-12,5.14910680082942e-13
Rxn2688,LEUtm,2.33303012994216e-12,2.85440047267828e-13
Rxn2692,LIDOt,2.91365028452262e-12,7.18459712150665e-13
Rxn2696,LLDHh,3.55592318125744e-13,2.67241311795104e-13
Rxn2698,LLDHm,0.015890268233135,0.07943592236351
Rxn2701,LNLCth,1.74809270514551e-12,7.38229478213319e-13
Rxn2719,LS,3.80709318789878e-09,6.61213008486503e-09
Rxn2721,LUTH,2.21224466149879e-05,2.81705882578555e-12
Rxn2728,M5TRPH,0.000562379710664031,0.000516317868704427
Rxn2737,MAKI,0.00485644131356176,0.00013499939416892
Rxn2739,MALAKGtm,760.992265286507,172.509963148934
Rxn2741,MALCITtm,861.18506214294,127.919501385139
Rxn2745,MALICITtm,439.2301769712,227.958429555492
Rxn2748,MALOAAtm,576.671110582337,240.868944065893
Rxn2752,MAL_na_th,615.277632648495,253.2198861569
Rxn2754,MAL_na_tm,196.149016409557,148.477055330091
Rxn2756,MANth,0.00485644131735588,0.000134999394103023
Rxn2778,MDHASCBL,0.174894155033138,0.276444793091041
Rxn2791,MDUMT,4.12091008080119e-05,2.43136328984156e-12
Rxn2793,MEGLYXYLt,5.40903216038695e-13,2.84895603487826e-13
Rxn2795,MEOHt,6.74929518371063e-08,2.40721481507406e-12
Rxn2797,MEOHtm,6.75030039671567e-08,7.38022012241961e-13
Rxn2799,MERCPPYRST,0.00145089521857744,0.00808064115707816
Rxn2801,MERGTROLR,2.04244060884678e-11,8.3057377820733e-13
Rxn2803,METHFth,3.1944341225879e-11,2.5027928079219e-12
Rxn2805,METHFtm,5.03050469365458e-11,3.06100618097868e-12
Rxn2807,METHFtx,1.93432732941282e-08,8.46897027470125e-09
Rxn2815,METth,2.7899150195146e-06,4.08270176545747e-05
Rxn2817,METtm,0.000213855300452231,0.000176953408005996
Rxn2823,MG2t,0.000898840765015482,4.4146638982978e-11
Rxn2825,MG2th,0.000898840762601826,4.41361094952773e-11
Rxn2827,MG2tu,5.31503559008747e-12,5.76491012646252e-13
Rxn2831,MGC,1.92864236164897e-09,1.61307886619095e-09
Rxn2940,MLTHFtm,4.11897343140428e-05,8.61212060143683e-09
Rxn2988,NA1Hth,941.361514110112,85.5067085378723
Rxn2990,NA1Htm,993.24223728518,37.1192425832806
Rxn2992,NA1th,415.80228347172,161.735179181417
Rxn2994,NA1tm,850.734467937598,127.900767227369
Rxn2999,NADH_h_tx,0.00389522652634435,0.0182467838283561
Rxn3001,NADHth,0.0985044551672507,0.16903230296553
Rxn3004,NADHts,0.865292564766952,0.389852271628946
Rxn3006,NADPHtf,1.3425942050606e-12,5.91991321338174e-13
Rxn3009,NADPHts,0.865292564762976,0.389852271628296
Rxn3011,NADPHtu,0.00185962183576315,0.0248389082747598
Rxn3013,NADPHtx,6.02363649594092e-13,3.80851780441903e-13
Rxn3015,NADPtf,1.07867602139616e-12,4.54227474835208e-13
Rxn3017,NADPth,0.861335377943719,0.43323798745758
Rxn3019,NADPts,0.865292564756704,0.389852271628162
Rxn3021,NADPtu,0.00185962190105133,0.024838908274759
Rxn3023,NADPtx,4.51033829935116e-12,7.87396050710427e-13
Rxn3027,NADtm,0.292810300986068,0.619276297436459
Rxn3029,NADts,0.865292564757092,0.389852271628943
Rxn3031,NADtx,0.00389522654231232,0.018246783828569
Rxn3035,NCAMt,7.85389065168844e-06,1.61441703400204e-05
Rxn3037,NCAMtm,7.48885037428753e-06,2.34709656279031e-08
Rxn3044,NEOXANS,1.87190059651986e-05,9.6801557929779e-13
Rxn3046,NH4t,0.106565100331451,0.00643203676981802
Rxn3048,NH4th,0.202598724630505,0.160301125664615
Rxn3050,NH4tm,0.108278363898086,0.157686247146753
Rxn3052,NH4tn,9.74204945312553e-13,3.0174554491161e-13
Rxn3054,NH4tx,0.00043586681196701,0.00362631797527719
Rxn3056,NICRNTtm,0.000121282217565665,0.000338439177271131
Rxn3061,NMNt,3.65072467124957e-05,0.000338064148577134
Rxn3070,NO2t,8.23847668904716e-05,0.00121668451628346
Rxn3072,NO2th,0.000323704951170371,0.00228006148408264
Rxn3074,NO3t,0.000206203048485616,0.00188788850804019
Rxn3084,NRPH,0.000611211993357901,0.0204185720611171
Rxn3089,O2t,1.65352925290268,0.375930435201251
Rxn3091,O2thr,0.0531171944445792,0.107411195769666
Rxn3093,O2tmr,0.0302779359159328,0.0521192814712076
Rxn3095,O2tnr,3.05799575391014e-12,2.06601717365829e-13
Rxn3097,O2trhu,0.0308741068608156,0.107430602820034
Rxn3099,O2tx,0.0257431624892677,0.0759841077723926
Rxn3101,OAAAKGtm,821.489952306317,161.515058356531
Rxn3103,OAACITtm,719.625522811568,232.230014851306
Rxn3105,OAAICITtm,970.175552255431,66.4045447891296
Rxn3107,OAAtf,1.24930243489253e-12,6.053477356204e-13
Rxn3109,OCDOR,0.00630994335691436,0.00212418162645222
Rxn3141,ORNt,9.72910086358428e-06,0.000197443999404531
Rxn3143,ORNtm,0.00603542528543888,0.00177808898867903
Rxn3181,PAPSPAPthr,3.62960853535638e-13,2.85552318103668e-13
Rxn3183,PAPSPAPtm,1.26435882042283e-12,9.4737008521222e-13
Rxn3188,PC2D,2.06621509745968e-12,8.86728868894131e-13
Rxn3191,PCBth,1.68780344411144e-05,9.92761897235268e-05
Rxn3195,PCNO,0.00630994336727453,0.0021241816264454
Rxn3197,PCNOn,2.72045196979412e-12,5.09618383715904e-13
Rxn3225,PDHe3hr,0.00057238732884549,0.00366018586072693
Rxn3229,PDPtu,0.000779836526568666,9.72095806911849e-05
Rxn3292,PGKf,2.45421246589839e-12,7.09143480892731e-13
Rxn3296,PGKm,9.0409437177338e-13,5.87343659558012e-13
Rxn3358,PHEMEth,7.96633862065606e-12,6.98492582546805e-13
Rxn3360,PHEMEtm,1.53407532840793e-11,4.60505995324813e-13
Rxn3366,PHEth,0.000709062720599712,0.000237228749362461
Rxn3368,PHPHBDDMC,1.37597429413082e-12,3.00764014440658e-13
Rxn3371,PINA1tm,381.298498357846,202.316149061842
Rxn3373,PIcm,588.940816424354,190.130948803281
Rxn3375,PIt,0.0183784328172451,0.000338064154124902
Rxn3377,PItf,1.69968611825104e-12,4.50098250401214e-13
Rxn3379,PItm,295.768552573804,174.352478943145
Rxn3381,PItn,1.24834210700909e-11,2.32871731022286e-12
Rxn3383,PItx,1.71093395053644e-05,0.000306801245390029
Rxn3465,PMTCOAth,4.19035408994799e-09,5.50187928946574e-09
Rxn3467,PMTCOAtm,0.0126963649018955,0.00297018507604455
Rxn3469,PMTCOAts,4.19156921575526e-09,5.5006984835302e-09
Rxn3471,PNORm,1.18854166991308e-10,8.63254417005334e-12
Rxn3473,PNORn,2.99568341817969e-12,3.27926959018844e-13
Rxn3475,PNTORtm,1.09067422209837e-10,8.74847529058965e-12
Rxn3506,PPAth,7.32470982966178e-06,5.47009325977621e-05
Rxn3508,PPAtm,0.00102518975396761,6.13517526158992e-05
Rxn3522,PPCOAOm,7.86074724954308e-12,6.69615425620478e-13
Rxn3524,PPCOAth,0.00209277013963708,0.00125481026295355
Rxn3526,PPCOAtm,0.00421343003658846,0.00229553806175237
Rxn3529,PPHNth,0.000712749343080422,0.000237228740015728
Rxn3532,PPItu,0.000898840776974131,4.41439337051597e-11
Rxn3544,PQQm,2.16042993105028,0.736937959830028
Rxn3560,PRONA1tm,942.268500506105,93.7456546478909
Rxn3570,PROtm,942.268575069159,93.7456655415157
Rxn3572,PRPPtm,0.000121282219963367,0.000338439177259501
Rxn3597,PTRCthr,7.35374974878647e-12,7.66276194562778e-13
Rxn3611,PYDXOR,1.54024123635712,0.371951014500711
Rxn3635,PYRtf,1.71180572801771e-12,6.00619653883148e-13
Rxn3637,PYRth,6.64194541859194,0.571731588738076
Rxn3639,PYRtm,0.0903503334389892,0.295443133000741
Rxn3645,R5Pth,0.00699874067445267,0.00134944989397158
Rxn3648,RETINALts,3.50226375609397e-08,2.32694881867087e-12
Rxn3650,RIBFLVth,7.52674819678279e-06,3.54853612590944e-12
Rxn3653,RIBt,0.000132045326455178,0.000828103174119001
Rxn3655,RPDPK,5.07791295800287e-05,3.61936819363425e-12
Rxn3669,SBTRh,3.28477417919883e-12,9.79500584435407e-13
Rxn3675,SELTt,1.75265960428195e-11,1.80577277519461e-12
Rxn3677,SELTtm,1.00503456205643e-11,1.26140409575545e-12
Rxn3681,SERNA1th,611.261324203121,252.434120125247
Rxn3683,SERNA1tm,862.533960554373,129.037317595746
Rxn3692,SERth,611.249418680352,252.431531776793
Rxn3694,SERtm,862.526379548922,129.037499348401
Rxn3708,SO3t,0.000969789465670375,0.0080506859989971
Rxn3710,SO3tm,0.00148958939072002,0.0080994008058671
Rxn3712,SO4NA1t,7.36721559942704,1.61028127208868
Rxn3714,SO4NA1tm,3.86941602390575e-05,0.000575539211719724
Rxn3716,SO4t,7.36639298264097,1.61028250004966
Rxn3718,SO4th,1.63612603942901e-12,2.12800270820715e-13
Rxn3720,SO4tn,2.01926015558244e-11,2.58501962448739e-12
Rxn3725,SPMDtmr,29.3383069939308,43.6221511146101
Rxn3732,SQDG18111Z160th,7.99181760826893e-05,4.12091325603378e-12
Rxn3734,SQDG1819Z160th,0.000240203510166386,1.17838792644802e-11
Rxn3754,SUCCt,0.000100763643496062,0.000583726743541174
Rxn3760,SUCFUMthr,0.804442779400582,0.566943883064341
Rxn3762,SUCFUMtmr,0.816004041600369,0.566847287031958
Rxn3776,Stm,6.75026213132051e-08,3.83866224977839e-13
Rxn4427,TCZCARI,3.66229704210216e-10,1.31862485414532e-09
Rxn4451,TEGAt,7.17575339174041e-12,4.56028617042627e-13
Rxn4453,TFENFEOR,3.29479494244139e-12,4.79562407573481e-13
Rxn4455,TGUAt,7.63440611189477e-10,4.17757038267798e-10
Rxn4459,THFtm,4.11897200483277e-05,8.61255189906577e-09
Rxn4461,THMPPth,1.64671664636984e-12,7.02238108011536e-13
Rxn4463,THMPPtm,7.66840863598692e-12,5.03539424274692e-13
Rxn4465,THMt,3.8279285168192e-08,2.28381936382395e-08
Rxn4476,THRNA1th,520.870937800765,196.298264786569
Rxn4478,THRNA1tm,919.79282164481,103.176817630891
Rxn4485,THRth,520.874247793765,196.29860322536
Rxn4487,THRtm,919.792821644808,103.176817630891
Rxn4503,TRETINOLOR1,614.623640995736,253.301701058667
Rxn4505,TRETINOLOR2,614.623640991379,253.301701055829
Rxn4512,TRPth,5.07791313103928e-05,2.55201274242386e-12
Rxn4514,TSULc,6.75056510333418e-08,2.00490560759653e-12
Rxn4516,TSULe,6.19293810714013e-05,0.000385331475538515
Rxn4518,TSULt,6.1929383902428e-05,0.000385331475535813
Rxn4522,TSULtm2,0.00206835937677095,0.0186495737646927
Rxn4549,TYRth,0.000142970362545465,0.000590896482513384
Rxn4551,TYRtm,0.323917986075225,0.654852592533351
Rxn4556,UDPACGLP,0.000228749824690747,4.57762556928802e-05
Rxn4558,UDPARAtg,4.91497960240928e-12,7.77660817889245e-13
Rxn4562,UDPGALtg,2.69528003751937e-12,8.17627932137379e-13
Rxn4564,UDPGALth,0.0140559353530896,0.000649672002738648
Rxn4568,UDPGth,0.000486025924807378,2.3512526049148e-11
Rxn4571,UDPtg,3.90429182491955e-12,1.14041603247046e-12
Rxn4573,UDPth,0.0140559353486228,0.000649672002726937
Rxn4575,UDPtm,0.0301754399258902,0.042237435719001
Rxn4577,UDPtn,3.67248817854814e-13,2.89010975498973e-13
Rxn4588,UGAH,1.08912215511821e-05,0.000343316613884521
Rxn4600,UMPth,0.0140559353480895,0.000649672002758925
Rxn4603,UPP1R,8.54241935141548e-12,5.18324015750131e-13
Rxn4605,UPP3O,9.41562889861424e-13,6.60463164594999e-13
Rxn4611,UPRT,0.000118025183904934,0.00129185965447695
Rxn4613,URANA1t,0.00012243847463068,0.00120310607135044
Rxn4615,URATEt,5.27861924501495e-05,0.000443038957343253
Rxn4617,URATEtm,3.26298026192799e-05,0.000492950934422124
Rxn4622,URDGLYCAH,2.18762075198421e-05,0.000482815129045702
Rxn4624,URDGLYCAtm,2.18762162873178e-05,0.000482815129051535
Rxn4626,UREAt,1.22604088392491e-08,5.83217149456263e-09
Rxn4628,UREAtm,1.15262133346219e-08,6.30053531206839e-09
Rxn4641,UTPtm,0.0301754399203836,0.0422374357190166
Rxn4651,VALth,0.00099608526904888,0.000603798808836508
Rxn4653,VALtm,0.00374512855104415,0.000647426376269617
Rxn4655,VIOXANOR,0.00034035772354453,0.013374508006794
Rxn4659,XANNA1t,2.7939946283887e-05,0.000413243184846835
Rxn4671,arm_2HGOR,1.05222640228808e-12,1.59899851498397e-13
Rxn4673,arm_3HAD100,0.000343604061735225,0.000535645391503482
Rxn4675,arm_3HAD120,0.000343604063408982,0.000535645391464457
Rxn4677,arm_3HAD80,0.000343604076533361,0.000535645391365822
Rxn4681,arm_3OAR100,0.000343604059897702,0.000535645391466482
Rxn4683,arm_3OAR120,0.000343604062200796,0.000535645391521379
Rxn4685,arm_3OAR140,0.000343604087039154,0.000535645391551531
Rxn4687,arm_3OAR160,0.000343604070763198,0.00053564539154937
Rxn4691,arm_3OAR40,0.000343604060053649,0.000535645391401586
Rxn4693,arm_3OAR60,0.000343604066165056,0.000535645391425893
Rxn4695,arm_3OAR80,0.000343604072744512,0.000535645391375562
Rxn4706,arm_AATC,2.81802545131615e-12,3.91296001436393e-13
Rxn4707,arm_AATCm,1.47299346460794e-12,3.1245221583844e-13
Rxn4709,arm_AAT,0.00169890445010658,0.00647961524481745
Rxn4715,arm_ACACT2,0.00061518885822815,0.00291195843758204
Rxn4717,arm_ACCOAC,1.45024597020229e-05,0.000278303256603548
Rxn4719,arm_ACCOACm,2.02496910214706e-07,4.17279908922481e-12
Rxn4722,arm_ACKrh,1.96572394348342,0.636497037138529
Rxn4724,arm_ACKrm,1.89311073431962,0.643054891629968
Rxn4771,arm_ACSERL,0.00756102911285068,0.00893630060482509
Rxn4773,arm_ACSERLh,7.06137641760622e-12,5.23645728086316e-13
Rxn4775,arm_ACSERLm,6.29075766109066e-12,1.07802282001986e-12
Rxn4784,arm_AIAL,0.00313162326594521,0.0011323883156492
Rxn4786,arm_AKGDHe2r,2.43563863093776e-12,5.83209869345076e-12
Rxn4788,arm_ALAAT,0.00257197822731544,0.00946216993813429
Rxn4794,arm_APPRT,0.000569792242088589,0.000586359416898954
Rxn4796,arm_APPTh,5.02077359865433e-06,4.582247237693e-05
Rxn4798,arm_APPTm,4.59751908768373e-06,4.39933013626572e-05
Rxn4805,arm_ASPAT,0.0330390770579856,0.238512549995752
Rxn4807,arm_ASPATh,0.154204345746484,0.175304788072255
Rxn4809,arm_ASPATm,0.0925641744855488,0.281715460122454
Rxn4837,arm_BCAROH,4.42448679625758e-05,3.0747715737812e-12
Rxn4839,arm_BCRPTXANH,4.42448908146419e-05,2.50157548703274e-12
Rxn4841,arm_BCTA_val_m,0.00374512855214198,0.000647426376240059
Rxn4848,arm_CAS,9.18974114302368e-12,7.53376677288138e-13
Rxn4863,arm_CYSTAm,0.00422967949042718,0.0775218754639089
Rxn4940,arm_DHROm,1.87686749556269e-12,1.76668227300038e-13
Rxn4974,arm_FBAf,2.1083565691204e-12,5.02059468233426e-13
Rxn4976,arm_FBAm,9.54824659245332e-13,3.1788231557028e-13
Rxn4980,arm_FPGFTh,2.79572250082308e-11,1.81416591563228e-12
Rxn4982,arm_FPGFTm,4.39449387134018e-11,2.86363386878845e-12
Rxn4984,arm_FPGPL,2.31671261669304e-12,5.68215848224043e-13
Rxn4986,arm_FUMm,0.0128235304141113,0.00587229536334013
Rxn4988,arm_G3PD1,0.0237316432691891,0.0832662279186461
Rxn4990,arm_G3PD2,0.0269482126866837,0.0831383880030655
Rxn4992,arm_G6PI,2.24278227904126,5.20518027048019
Rxn4994,arm_G6PIh,2.23987092319888,5.20563996528426
Rxn4998,arm_GAPDHh,0.922153405237443,0.329104484910903
Rxn5000,arm_GBDP,0.000460881952077338,0.00769095200987368
Rxn5003,arm_GHMT,0.00513203922744305,0.000744052070342385
Rxn5016,arm_GPAR,0.00022594736056165,0.00302491513973342
Rxn5028,arm_HACD1,0.000178253204930301,0.00145546218132502
Rxn5030,arm_HACD2,0.00061518885673625,0.00291195843762011
Rxn5032,arm_HACD2m,0.0126963649007941,0.00297018507600144
Rxn5034,arm_HACD3,0.000615188855757452,0.00291195843763119
Rxn5036,arm_HACD3m,0.0126963648995007,0.0029701850760135
Rxn5038,arm_HACD4,0.000615188855067272,0.00291195843763541
Rxn5040,arm_HACD4m,0.012696364896046,0.00297018507605131
Rxn5042,arm_HACD5,0.000615188849151135,0.00291195843763318
Rxn5044,arm_HACD5m,0.0126963648952196,0.00297018507605683
Rxn5046,arm_HACD6,0.00061518885317351,0.00291195843765237
Rxn5048,arm_HACD6m,0.0126963649016656,0.00297018507605623
Rxn5050,arm_HACD7,0.000615188859577075,0.00291195843764043
Rxn5052,arm_HACD7m,0.0126963649041586,0.00297018507605856
Rxn5055,arm_HBCHL,0.0131121292365282,0.00156027213131438
Rxn5057,arm_HBCHLm,2.65131329918438e-12,4.55322822615083e-13
Rxn5060,arm_HCO3E,18.9185150349275,36.5208202813897
Rxn5063,arm_HCO3Em,12.4373506244175,36.5226428781389
Rxn5065,arm_HEMELh,4.90596903875064e-13,1.34395981260186e-13
Rxn5067,arm_HEMELm,2.07612230721204e-13,1.14416229122145e-13
Rxn5070,arm_HMNOS,0.000287530992337248,0.00111892514671084
Rxn5071,arm_HMNO,1.72812854758502e-09,1.12406855202479e-09
Rxn5074,arm_HPHL,0.00630994335192508,0.00212418162645391
Rxn5076,arm_HPHLm,6.84764184000098e-13,1.82706586779205e-13
Rxn5079,arm_HPRT,0.00214524997428972,0.00114508454965993
Rxn5082,arm_HYDA,1.93300996550357e-09,3.30254692002867e-09
Rxn5084,arm_HYDAh,0.00281383437662954,0.00573147371849268
Rxn5086,arm_HYDAm,6.23010283804418e-05,0.000542145348394229
Rxn5106,arm_MCOATA,0.0052191361621157,0.00393005005938505
Rxn5108,arm_MCOATAm,1.35000482233326e-07,3.49525757820838e-12
Rxn5110,arm_MDHh,0.183750622613267,0.197049903572686
Rxn5137,arm_MMAOR,4.69106408103607e-09,1.8664630671125e-09
Rxn5139,arm_MPPM,0.00102937239369385,0.000205993196795285
Rxn5141,arm_MTAM_nh4,4.09974849228415e-09,4.63093365342673e-09
Rxn5162,arm_PDHe2r,2.85885081117531e-09,3.50825778811829e-09
Rxn5176,arm_PGCM,0.0581131479609496,0.124683857346219
Rxn5178,arm_PGIA,0.0461158893047682,0.15959706491414
Rxn5180,arm_PGIAh,0.0370754240270559,0.136592235189928
Rxn5182,arm_PGIB,0.00484374266059647,0.0619552753154091
Rxn5184,arm_PGIBh,0.0130791122832024,0.112837560857482
Rxn5187,arm_PGM,0.222168139799951,0.0078474367865501
Rxn5189,arm_PGMf,4.9420367721215e-12,3.74723704049326e-13
Rxn5191,arm_PGMm,1.67462165480731e-12,3.63719892333311e-13
Rxn5197,arm_POAT,3.40426423361611e-05,7.24055708965773e-05
Rxn5199,arm_POATh,6.90027240401021e-13,2.81219577426816e-13
Rxn5201,arm_POATm,4.61695524407341e-12,5.1532355751582e-13
Rxn5203,arm_PPBNGD,0.000915718796305176,9.92761902276296e-05
Rxn5206,arm_PPM,2.6133419144628e-12,1.95122487551013e-13
Rxn5210,arm_PROOR,0.000201493330461366,0.00294122781156562
Rxn5214,arm_PTArh,1.96572394299041,0.636497037018072
Rxn5216,arm_PTArm,1.89311073432876,0.643054891630056
Rxn5218,arm_PTOR,7.53413097897017e-05,0.00074583850989529
Rxn5233,arm_SGOR,6.46246546850508e-12,9.3349270921833e-13
Rxn5282,arm_TAT,0.117668886054791,0.417289190811029
Rxn5284,arm_TAh,0.438117246489446,0.0139954624151427
Rxn5286,arm_TCLYCI,3.64254317216375e-10,1.31891259561931e-09
Rxn5295,arm_TYRTA,0.209250602580907,0.514525144960001
Rxn5298,arm_TYRTAh,0.000124730673849479,0.000540516475373613
Rxn5300,arm_TYRTAm,0.323917986074056,0.65485259253332
Rxn5303,arm_UG4E,0.0223699457663711,0.000950524989648896
Rxn5313,arm_XPPRT,0.00215873850192012,0.00303432212938975
